{"W0":{"pos":{"x":-501.2018401103526,"y":247.7011498867612,"z":150},"rot":{"x":0,"y":0,"z":-4.71238898038469},"clone":{"numclone":0,"cloned":false,"origclone":""},"type":"wall"},"W1":{"pos":{"x":-370.32547674501166,"y":59.354849263629376,"z":150},"rot":{"x":0,"y":0,"z":-3.141592653589793},"clone":{"numclone":0,"cloned":false,"origclone":""},"type":"wall"},"W0_0":{"pos":{"x":-602.5683274793425,"y":-36.616259192405664,"z":150},"rot":{"x":0,"y":0,"z":-4.71238898038469},"clone":{"numclone":1,"cloned":false,"origclone":""},"type":"wall"},"W0_0_0":{"pos":{"x":298.1282936160005,"y":346.044168669835,"z":150},"rot":{"x":0,"y":0,"z":-4.71238898038469},"clone":{"numclone":0,"cloned":true,"origclone":"W0_0"}}}