{"W0":{"pos":{"x":-451.18720927752764,"y":-149.8509648690773,"z":150},"rot":{"x":0,"y":0,"z":-1.5707963267948966}},"W1":{"pos":{"x":-157.59287366576007,"y":-222.8699812579157,"z":150},"rot":{"x":0,"y":0,"z":-4.71238898038469}}}