{"w0":{"x":373.4390375488354,"y":-452.7223001405888,"z":150},"w1":{"x":371.92966345739535,"y":-267.38062848306174,"z":150}}