{"W0":{"x":-164.3919946168782,"y":-134.6013100680757,"z":150},"W1":{"x":-419.4883929798602,"y":-221.09911694177868,"z":150}}