{"W0":{"pos":{"x":417.6347104516901,"y":78.57358615699883,"z":150},"rot":{"x":0,"y":0,"z":-6.283185307179586},"type":"wall"},"lz994wqxz9q":{"pos":{"x":280.06350167280107,"y":-885.8330780125632,"z":150},"rot":{"x":0,"y":0,"z":-1.5707963267948966},"clone_infos":{"cloned":false,"origclone":"","numclone":0},"type":"wall"},"2swo98ajr0c":{"pos":{"x":-983.9762381881113,"y":-429.67235813131583,"z":150},"rot":{"x":0,"y":0,"z":0},"clone_infos":{"cloned":false,"origclone":"","numclone":0},"type":"wall"},"n619gwfjpj":{"pos":{"x":-1000.8860282659457,"y":-693.3944493437596,"z":150},"rot":{"x":0,"y":0,"z":-1.5707963267948966},"clone_infos":{"cloned":false,"origclone":"","numclone":0},"type":"wall"},"igjfjbpjw2r":{"pos":{"x":-712.4194391820649,"y":-754.5253191250333,"z":150},"rot":{"x":0,"y":0,"z":0},"clone_infos":{"cloned":false,"origclone":"","numclone":0},"type":"wall"},"vp6vwu710pk":{"pos":{"x":-330.0041084121495,"y":-1307.368957326135,"z":150},"rot":{"x":0,"y":0,"z":-1.5707963267948966},"clone_infos":{"cloned":false,"origclone":"","numclone":1},"type":"wall"},"8p76ory91kp":{"pos":{"x":257.66854321232114,"y":-539.4988466617804,"z":150},"rot":{"x":0,"y":0,"z":0},"clone_infos":{"cloned":false,"origclone":"","numclone":0},"type":"wall"},"yxdi4bm4h3k":{"pos":{"x":257.66854321232114,"y":-539.4988466617804,"z":150},"rot":{"x":0,"y":0,"z":0},"clone_infos":{"cloned":false,"origclone":"","numclone":0},"type":"wall"},"vp6vwu710pk_0":{"pos":{"x":-380.6035919662419,"y":-1000.1593445080789,"z":150},"rot":{"x":0,"y":0,"z":0},"clone_infos":{"numclone":0,"cloned":true,"origclone":"vp6vwu710pk"},"type":"wall"},"k50s02ytxjr":{"pos":{"x":-1481.7330849003313,"y":-249.01530363430788,"z":25},"rot":{"x":0,"y":0,"z":0},"clone_infos":{"cloned":false,"origclone":"","numclone":0},"type":"pawn"}}