{"W0":{"pos":{"x":1047.2021157946695,"y":-544.5916747603305,"z":150},"rot":{"x":0,"y":0,"z":-1.5707963267948966},"type":"wall"},"W1":{"pos":{"x":471.1014153940284,"y":-200.92894422600875,"z":150},"rot":{"x":0,"y":0,"z":-1.5707963267948966},"type":"wall"}}