{"W0":{"pos":{"x":37.57801108482457,"y":-215.91464313404742,"z":150},"rot":{"x":0,"y":0,"z":-4.71238898038469},"clone":{"numclone":2,"cloned":false,"origclone":""},"type":"wall"},"W1":{"pos":{"x":40.20849579074908,"y":-353.780547023749,"z":150},"rot":{"x":0,"y":0,"z":-1.5707963267948966},"clone":{"numclone":1,"cloned":false,"origclone":""},"type":"wall"},"i3exg69zmy":{"pos":{"x":-103.75940960513029,"y":-358.32930874398255,"z":150},"rot":{"x":0,"y":0,"z":-1.5707963267948966},"clone":{"numclone":0,"cloned":false,"origclone":""},"type":"wall"},"yv9mzbe9qj":{"pos":{"x":-175.8859600390586,"y":-289.44057871325674,"z":150},"rot":{"x":0,"y":0,"z":0},"clone":{"numclone":0,"cloned":false,"origclone":""},"type":"wall"},"xfknev43avr":{"pos":{"x":-25.59930355185159,"y":-284.97280025343355,"z":150},"rot":{"x":0,"y":0,"z":0},"clone":{"numclone":0,"cloned":false,"origclone":""},"type":"wall"},"g6duosk9l66":{"pos":{"x":116.53122920843354,"y":-284.317906983886,"z":150},"rot":{"x":0,"y":0,"z":0},"clone":{"numclone":0,"cloned":false,"origclone":""},"type":"wall"},"o5ab6xhkn89":{"pos":{"x":-105.75354608072678,"y":20.837830499257223,"z":150},"rot":{"x":0,"y":0,"z":0},"clone":{"numclone":0,"cloned":false,"origclone":""},"type":"wall"},"qjsrm8ijce":{"pos":{"x":-106.18351975337964,"y":-213.74095208849954,"z":150},"rot":{"x":0,"y":0,"z":-1.5707963267948966},"clone":{"numclone":0,"cloned":false,"origclone":""},"type":"wall"},"20iseo9ca4lh":{"pos":{"x":-124.4560949345605,"y":-632.2658638596649,"z":150},"rot":{"x":0,"y":0,"z":0},"clone":{"numclone":1,"cloned":false,"origclone":""},"type":"wall"},"v6kc8qzggz":{"pos":{"x":504.4985370033801,"y":-309.4383681274144,"z":150},"rot":{"x":0,"y":0,"z":0},"clone":{"numclone":1,"cloned":false,"origclone":""},"type":"wall"},"p9m6ez4urg8":{"pos":{"x":157.46191612200755,"y":-732.8518726182123,"z":150},"rot":{"x":0,"y":0,"z":0},"clone":{"numclone":1,"cloned":false,"origclone":""},"type":"wall"},"v6kc8qzggz_0":{"pos":{"x":604.4985370033801,"y":-309.4383681274144,"z":150},"rot":{"x":0,"y":0,"z":0},"clone":{"numclone":0,"cloned":true,"origclone":"v6kc8qzggz"}},"p9m6ez4urg8_0":{"pos":{"x":257.46191612200755,"y":-732.8518726182123,"z":150},"rot":{"x":0,"y":0,"z":0},"clone":{"numclone":0,"cloned":true,"origclone":"p9m6ez4urg8"}},"20iseo9ca4lh_0":{"pos":{"x":-24.456094934560497,"y":-632.2658638596649,"z":150},"rot":{"x":0,"y":0,"z":0},"clone":{"numclone":0,"cloned":true,"origclone":"20iseo9ca4lh"}},"hksox7mo5yd":{"pos":{"x":278.3881024275612,"y":-468.5502964232114,"z":150},"rot":{"x":0,"y":0,"z":0},"clone":{"numclone":0,"cloned":false,"origclone":""},"type":"wall"},"xsw0w2p3r":{"pos":{"x":348.94827451559564,"y":-446.12980023224185,"z":150},"rot":{"x":0,"y":0,"z":0},"clone":{"numclone":0,"cloned":false,"origclone":""},"type":"wall"},"ogzuf99atwm":{"pos":{"x":304.16436158030064,"y":-186.30083529226783,"z":150},"rot":{"x":0,"y":0,"z":0},"clone":{"numclone":0,"cloned":false,"origclone":""},"type":"wall"},"vx59r85iuhk":{"pos":{"x":420.40343747860334,"y":287.2918682562529,"z":150},"rot":{"x":0,"y":0,"z":0},"clone":{"numclone":0,"cloned":false,"origclone":""},"type":"wall"},"j35yhccztl":{"pos":{"x":679.4830957042356,"y":380.691202080436,"z":150},"rot":{"x":0,"y":0,"z":0},"clone":{"numclone":1,"cloned":false,"origclone":""},"type":"wall"},"udmejlplltp":{"pos":{"x":-538.6107690086899,"y":-1016.7529867162183,"z":150},"rot":{"x":0,"y":0,"z":0},"clone":{"numclone":0,"cloned":false,"origclone":""},"type":"wall"},"ve639c37j7m":{"pos":{"x":-268.4456444767666,"y":-1065.599793793003,"z":150},"rot":{"x":0,"y":0,"z":-1.5707963267948966},"clone":{"numclone":0,"cloned":false,"origclone":""},"type":"wall"},"2r9zpeyuxa":{"pos":{"x":-115.14991427640325,"y":-991.7717535768827,"z":150},"rot":{"x":0,"y":0,"z":-1.5707963267948966},"clone":{"numclone":0,"cloned":false,"origclone":""},"type":"wall"},"ehnyypyafqk":{"pos":{"x":-319.646103393309,"y":-992.5610085032366,"z":150},"rot":{"x":0,"y":0,"z":0},"clone":{"numclone":0,"cloned":false,"origclone":""},"type":"wall"},"dl1nopwxnv":{"pos":{"x":-319.646103393309,"y":-992.5610085032366,"z":25},"rot":{"x":0,"y":0,"z":0},"clone":{"numclone":0,"cloned":false,"origclone":""},"type":"pawn"},"sn6pb0d4tse":{"pos":{"x":-475.0895152310045,"y":-1125.9206217155825,"z":150},"rot":{"x":0,"y":0,"z":-1.5707963267948966},"clone":{"numclone":0,"cloned":false,"origclone":""},"type":"wall"},"0kvlfv62rtvd":{"pos":{"x":-475.0895152310045,"y":-1125.9206217155825,"z":25},"rot":{"x":0,"y":0,"z":0},"clone":{"numclone":0,"cloned":false,"origclone":""},"type":"pawn"},"":{"pos":{"x":-397.36780931215674,"y":-1059.2408151094096,"z":160},"rot":{"x":0,"y":0,"z":0},"clone":{}},"w3kqt813vrs":{"pos":{"x":-888.5076602439929,"y":-1215.6433098752123,"z":150},"rot":{"x":0,"y":0,"z":0},"clone":{"numclone":0,"cloned":false,"origclone":""},"type":"wall"},"j35yhccztl_0":{"pos":{"x":779.4830957042356,"y":380.691202080436,"z":150},"rot":{"x":0,"y":0,"z":0},"clone":{"numclone":0,"cloned":true,"origclone":"j35yhccztl"}},"qbaorxnbz3":{"pos":{"x":977.9243267679634,"y":405.7855721969281,"z":150},"rot":{"x":0,"y":0,"z":0},"clone":{"numclone":0,"cloned":false,"origclone":""},"type":"wall"},"z8oeqms3chm":{"pos":{"x":766.899733012097,"y":14.40916545627249,"z":150},"rot":{"x":0,"y":0,"z":0},"clone":{"numclone":0,"cloned":false,"origclone":""},"type":"wall"}}