{"W0":{"pos":{"x":37.57801108482457,"y":-215.91464313404742,"z":150},"rot":{"x":0,"y":0,"z":-4.71238898038469},"clone":{"numclone":2,"cloned":false,"origclone":""},"type":"wall"},"W1":{"pos":{"x":40.20849579074908,"y":-353.780547023749,"z":150},"rot":{"x":0,"y":0,"z":-1.5707963267948966},"clone":{"numclone":1,"cloned":false,"origclone":""},"type":"wall"},"i3exg69zmy":{"pos":{"x":-103.75940960513029,"y":-358.32930874398255,"z":150},"rot":{"x":0,"y":0,"z":-1.5707963267948966},"clone":{"numclone":0,"cloned":false,"origclone":""},"type":"wall"},"yv9mzbe9qj":{"pos":{"x":-175.8859600390586,"y":-289.44057871325674,"z":150},"rot":{"x":0,"y":0,"z":0},"clone":{"numclone":0,"cloned":false,"origclone":""},"type":"wall"},"xfknev43avr":{"pos":{"x":-25.59930355185159,"y":-284.97280025343355,"z":150},"rot":{"x":0,"y":0,"z":0},"clone":{"numclone":0,"cloned":false,"origclone":""},"type":"wall"},"g6duosk9l66":{"pos":{"x":116.53122920843354,"y":-284.317906983886,"z":150},"rot":{"x":0,"y":0,"z":0},"clone":{"numclone":0,"cloned":false,"origclone":""},"type":"wall"},"o5ab6xhkn89":{"pos":{"x":-105.75354608072678,"y":20.837830499257223,"z":150},"rot":{"x":0,"y":0,"z":0},"clone":{"numclone":0,"cloned":false,"origclone":""},"type":"wall"},"qjsrm8ijce":{"pos":{"x":-106.18351975337964,"y":-213.74095208849954,"z":150},"rot":{"x":0,"y":0,"z":-1.5707963267948966},"clone":{"numclone":0,"cloned":false,"origclone":""},"type":"wall"},"20iseo9ca4lh":{"pos":{"x":-124.4560949345605,"y":-632.2658638596649,"z":150},"rot":{"x":0,"y":0,"z":0},"clone":{"numclone":0,"cloned":false,"origclone":""},"type":"wall"}}