{"W0":{"x":211.2820559832934,"y":-879.6878361183446,"z":150},"W1":{"x":409.327578331566,"y":497.1225721438286,"z":150},"count":{"z":150},"accel":{"z":150}}