{"W0":{"pos":{"x":97.21952219300488,"y":484.7083511172186,"z":150},"rot":{"x":0,"y":0,"z":-4.71238898038469},"clone":{"numclone":0,"cloned":false,"origclone":""},"type":"wall"},"W1":{"pos":{"x":-370.32547674501166,"y":59.354849263629376,"z":150},"rot":{"x":0,"y":0,"z":-3.141592653589793},"clone":{"numclone":0,"cloned":false,"origclone":""},"type":"wall"},"W0_0":{"pos":{"x":-390.10732841563186,"y":491.6777397381371,"z":150},"rot":{"x":0,"y":0,"z":-4.71238898038469},"clone":{"numclone":1,"cloned":false,"origclone":""},"type":"wall"},"newwall":{"pos":{"x":-0.23654159869494296,"y":-0.31047619047619057,"z":150},"rot":{"x":0,"y":0,"z":0},"clone":{"numclone":0,"cloned":false,"origclone":""},"type":"wall"},"x1zlc3qkobde6us3lypkqv":{"pos":{"x":-0.14029363784665583,"y":-0.1200000000000001,"z":150},"rot":{"x":0,"y":0,"z":0},"clone":{"numclone":0,"cloned":false,"origclone":""},"type":"wall"},"hijgv4kn2lbsqq0b8bwj":{"pos":{"x":-0.2528548123980424,"y":-0.33333333333333326,"z":150},"rot":{"x":0,"y":0,"z":0},"clone":{"numclone":0,"cloned":false,"origclone":""},"type":"wall"},"2aq2a9tix9ey9xjq2gv84":{"pos":{"x":0.19738988580750405,"y":-0.47809523809523813,"z":150},"rot":{"x":0,"y":0,"z":0},"clone":{"numclone":0,"cloned":false,"origclone":""},"type":"wall"},"1zdkvinh7j1w4lc2ykj6":{"pos":{"x":0.32463295269168024,"y":-0.47809523809523813,"z":150},"rot":{"x":0,"y":0,"z":0},"clone":{"numclone":0,"cloned":false,"origclone":""},"type":"wall"},"8v47kxjtrzigjelaxu2bvh":{"pos":{"x":-0.39314845024469824,"y":0.09333333333333338,"z":150},"rot":{"x":0,"y":0,"z":0},"clone":{"numclone":0,"cloned":false,"origclone":""},"type":"wall"},"4ds9o5xs631nvox8hrjrjo":{"pos":{"x":-0.029363784665579096,"y":-0.26857142857142846,"z":150},"rot":{"x":0,"y":0,"z":0},"clone":{"numclone":0,"cloned":false,"origclone":""},"type":"wall"},"irnt0rhdtc":{"pos":{"x":-0.21696574225122345,"y":-0.39428571428571435,"z":150},"rot":{"x":0,"y":0,"z":0},"clone":{"numclone":0,"cloned":false,"origclone":""},"type":"wall"},"z2jr04evqij":{"pos":{"x":0.13050570962479613,"y":-0.3904761904761904,"z":150},"rot":{"x":0,"y":0,"z":0},"clone":{"numclone":0,"cloned":false,"origclone":""},"type":"wall"},"b3qjonb7kpe":{"pos":{"x":-0.23164763458401305,"y":-0.43619047619047624,"z":150},"rot":{"x":0,"y":0,"z":0},"clone":{"numclone":0,"cloned":false,"origclone":""},"type":"wall"},"xyp7xofhv3c":{"pos":{"x":-0.23327895595432302,"y":-0.43619047619047624,"z":150},"rot":{"x":0,"y":0,"z":0},"clone":{"numclone":0,"cloned":false,"origclone":""},"type":"wall"},"zo0xn93xdy9":{"pos":{"x":-0.23327895595432302,"y":-0.43619047619047624,"z":150},"rot":{"x":0,"y":0,"z":0},"clone":{"numclone":0,"cloned":false,"origclone":""},"type":"wall"},"pdcm539koer":{"pos":{"x":-0.23164763458401305,"y":-0.43619047619047624,"z":150},"rot":{"x":0,"y":0,"z":0},"clone":{"numclone":0,"cloned":false,"origclone":""},"type":"wall"},"3qd73k6f945":{"pos":{"x":-0.234910277324633,"y":-0.43619047619047624,"z":150},"rot":{"x":0,"y":0,"z":0},"clone":{"numclone":0,"cloned":false,"origclone":""},"type":"wall"},"g5961d4rqvn":{"pos":{"x":-0.6541598694942904,"y":-0.06666666666666665,"z":150},"rot":{"x":0,"y":0,"z":0},"clone":{"numclone":0,"cloned":false,"origclone":""},"type":"wall"},"0.08156606851549753":{"pos":{"x":0.08156606851549753,"y":-0.3676190476190475,"z":150},"rot":{"x":0,"y":0,"z":0},"clone":{"numclone":0,"cloned":false,"origclone":""},"type":"wall"},"-0.17781402936378465":{"pos":{"x":-0.17781402936378465,"y":-0.41714285714285704,"z":150},"rot":{"x":0,"y":0,"z":0},"clone":{"numclone":0,"cloned":false,"origclone":""},"type":"wall"},"-0.1174551386623165":{"pos":{"x":-0.1174551386623165,"y":-0.318095238095238,"z":150},"rot":{"x":0,"y":0,"z":0},"clone":{"numclone":0,"cloned":false,"origclone":""},"type":"wall"},"-0.12071778140293643":{"pos":{"x":-0.12071778140293643,"y":-0.3219047619047619,"z":150},"rot":{"x":0,"y":0,"z":0},"clone":{"numclone":0,"cloned":false,"origclone":""},"type":"wall"},"-0.28058727569331154":{"pos":{"x":-0.28058727569331154,"y":-0.3219047619047619,"z":150},"rot":{"x":0,"y":0,"z":0},"clone":{"numclone":0,"cloned":false,"origclone":""},"type":"wall"},"-0.2822185970636215":{"pos":{"x":-0.2822185970636215,"y":-0.3219047619047619,"z":150},"rot":{"x":0,"y":0,"z":0},"clone":{"numclone":0,"cloned":false,"origclone":""},"type":"wall"},"-0.4730831973898858":{"pos":{"x":-0.4730831973898858,"y":0.4933333333333333,"z":150},"rot":{"x":0,"y":0,"z":0},"clone":{"numclone":0,"cloned":false,"origclone":""},"type":"wall"},"-0.22022838499184338":{"pos":{"x":-0.22022838499184338,"y":0.5238095238095238,"z":150},"rot":{"x":0,"y":0,"z":0},"clone":{"numclone":0,"cloned":false,"origclone":""},"type":"wall"},"-0.12561174551386622":{"pos":{"x":-0.12561174551386622,"y":0.5504761904761905,"z":150},"rot":{"x":0,"y":0,"z":0},"clone":{"numclone":0,"cloned":false,"origclone":""},"type":"wall"},"-0.47960848287112556":{"pos":{"x":-0.47960848287112556,"y":0.46285714285714286,"z":150},"rot":{"x":0,"y":0,"z":0},"clone":{"numclone":0,"cloned":false,"origclone":""},"type":"wall"},"-0.766721044045677":{"pos":{"x":-0.766721044045677,"y":0.13523809523809527,"z":150},"rot":{"x":0,"y":0,"z":0},"clone":{"numclone":0,"cloned":false,"origclone":""},"type":"wall"},"avlnxtdwn97":{"pos":{"x":-120.06003392511855,"y":-367.87947488099826,"z":150},"rot":{"x":0,"y":0,"z":0},"clone":{"numclone":0,"cloned":false,"origclone":""},"type":"wall"},"tj2z7nb2p1o":{"pos":{"x":-606.8814003021338,"y":-399.24030171495895,"z":150},"rot":{"x":0,"y":0,"z":0},"clone":{"numclone":0,"cloned":false,"origclone":""},"type":"wall"},"djbg8qolhoe":{"pos":{"x":-923.1390630660559,"y":-430.7646477849122,"z":150},"rot":{"x":0,"y":0,"z":0},"clone":{"numclone":0,"cloned":false,"origclone":""},"type":"wall"},"4ju4d4giou4":{"pos":{"x":-1314.932627480048,"y":61.55677484389321,"z":150},"rot":{"x":0,"y":0,"z":0},"clone":{"numclone":0,"cloned":false,"origclone":""},"type":"wall"},"vxmqo6cexj":{"pos":{"x":173.39693260292347,"y":12.415532346827717,"z":150},"rot":{"x":0,"y":0,"z":0},"clone":{"numclone":0,"cloned":false,"origclone":""},"type":"wall"},"rozhiyfli9q":{"pos":{"x":-166.89412121869475,"y":158.87632303257556,"z":150},"rot":{"x":0,"y":0,"z":0},"clone":{"numclone":0,"cloned":false,"origclone":""},"type":"wall"},"6lgvctb0zir":{"pos":{"x":-875.4853728827864,"y":87.89810168048211,"z":150},"rot":{"x":0,"y":0,"z":0},"clone":{"numclone":0,"cloned":false,"origclone":""},"type":"wall"},"v2utqz07ry8":{"pos":{"x":-834.8605308802865,"y":65.66297382156517,"z":150},"rot":{"x":0,"y":0,"z":0},"clone":{"numclone":0,"cloned":false,"origclone":""},"type":"wall"},"j8uxsxzxkxi":{"pos":{"x":-847.151804086616,"y":-75.33136140266981,"z":150},"rot":{"x":0,"y":0,"z":0},"clone":{"numclone":0,"cloned":false,"origclone":""},"type":"wall"},"gf8gutg180h":{"pos":{"x":-869.8737799310695,"y":-241.41588970850168,"z":150},"rot":{"x":0,"y":0,"z":0},"clone":{"numclone":0,"cloned":false,"origclone":""},"type":"wall"},"d1p3v103q8m":{"pos":{"x":-865.0584726263507,"y":-484.6830557092442,"z":150},"rot":{"x":0,"y":0,"z":0},"clone":{"numclone":0,"cloned":false,"origclone":""},"type":"wall"},"sqnfjz6tphb":{"pos":{"x":-390.3908026258517,"y":-654.5503135798436,"z":150},"rot":{"x":0,"y":0,"z":0},"clone":{"numclone":0,"cloned":false,"origclone":""},"type":"wall"},"1bncyqyxi1h":{"pos":{"x":-314.79096791180007,"y":-325.962938473559,"z":150},"rot":{"x":0,"y":0,"z":0},"clone":{"numclone":0,"cloned":false,"origclone":""},"type":"wall"},"uq05lbfqvkq":{"pos":{"x":-408.1616205858847,"y":-175.65004196890493,"z":150},"rot":{"x":0,"y":0,"z":0},"clone":{"numclone":0,"cloned":false,"origclone":""},"type":"wall"},"jtah6bxret9":{"pos":{"x":-575.883361549765,"y":-16.724519894878426,"z":150},"rot":{"x":0,"y":0,"z":0},"clone":{"numclone":0,"cloned":false,"origclone":""},"type":"wall"},"ab2dv61lpj8":{"pos":{"x":-602.713934542449,"y":58.076620778114375,"z":150},"rot":{"x":0,"y":0,"z":0},"clone":{"numclone":0,"cloned":false,"origclone":""},"type":"wall"},"stcgnspfgp":{"pos":{"x":30.48977923964607,