{"W1":{"pos":{"x":-523.5328868146374,"y":-492.86270341340446,"z":150},"rot":{"x":0,"y":0,"z":-1.5707963267948966},"clone":{"numclone":1,"cloned":false,"origclone":""},"type":"wall"},"W1_0":{"pos":{"x":-150.994190211434,"y":234.55146541029245,"z":300},"rot":{"x":0,"y":0,"z":-1.5707963267948966},"clone":{"numclone":0,"cloned":true,"origclone":"W1"},"type":"wall"},"W0_0":{"pos":{"x":-152.2445890155352,"y":-233.0570039434552,"z":300},"rot":{"x":0,"y":0,"z":-4.71238898038469},"clone":{"numclone":1,"cloned":true,"origclone":"W0"},"type":"wall"},"W0_0_0":{"pos":{"x":-531.0465832522817,"y":-340.4306112130373,"z":150},"rot":{"x":0,"y":0,"z":-4.71238898038469},"clone":{"numclone":0,"cloned":true,"origclone":"W0_0"},"type":"wall"},"l2kls072s3":{"pos":{"x":-93.94960922073551,"y":-617.2627025050751,"z":25},"rot":{"x":0,"y":0,"z":0},"clone":{"numclone":0,"cloned":false,"origclone":""},"type":"pawn"},"cthbsc25m2":{"pos":{"x":417.48628006090735,"y":-91.84439284075461,"z":25},"rot":{"x":0,"y":0,"z":0},"clone":{"numclone":0,"cloned":false,"origclone":""},"type":"pawn"},"qzfp6k3bfhf":{"pos":{"x":-373.6721224800124,"y":-1092.5746381998244,"z":25},"rot":{"x":0,"y":0,"z":0},"clone":{"numclone":0,"cloned":false,"origclone":""},"type":"pawn"},"c7k6xd6qg16":{"pos":{"x":743.9610823428462,"y":-456.95280566631794,"z":25},"rot":{"x":0,"y":0,"z":0},"clone":{"numclone":0,"cloned":false,"origclone":""},"type":"pawn"},"2um3hruiyq":{"pos":{"x":579.9929209871713,"y":-235.5047409314759,"z":25},"rot":{"x":0,"y":0,"z":0},"clone":{"numclone":0,"cloned":false,"origclone":""},"type":"pawn"},"cp0hjoopvz5":{"pos":{"x":-275.7019930089542,"y":-232.85307355098837,"z":25},"rot":{"x":0,"y":0,"z":0},"clone":{"numclone":0,"cloned":false,"origclone":""},"type":"pawn"},"r0feit8fmmi":{"pos":{"x":-425.54672785964414,"y":-362.65849791744284,"z":275},"rot":{"x":0,"y":0,"z":0},"clone":{"numclone":0,"cloned":false,"origclone":""},"type":"pawn"},"10dcnifi8wge":{"pos":{"x":-136.27773558301828,"y":1.7317892500573464,"z":275},"rot":{"x":0,"y":0,"z":0},"clone":{"numclone":0,"cloned":false,"origclone":""},"type":"pawn"},"":{"pos":{"x":-124.71005243743899,"y":13.962649416746956,"z":260},"rot":{"x":0,"y":0,"z":0},"clone":{}},"6hu286hik5":{"pos":{"x":-554.571619064385,"y":293.41429288326617,"z":25},"rot":{"x":0,"y":0,"z":0},"clone":{"numclone":0,"cloned":false,"origclone":""},"type":"pawn"},"g8g5fqttwzp":{"pos":{"x":-460.86347943879036,"y":27.152933025122138,"z":25},"rot":{"x":0,"y":0,"z":0},"clone":{"numclone":0,"cloned":false,"origclone":""},"type":"pawn"}}