{"W0":{"pos":{"x":-731.8850128101949,"y":515.5754430795316,"z":150},"rot":{"x":0,"y":0,"z":-1.5707963267948966},"clone":{"numclone":1,"cloned":false,"origclone":""},"type":"wall"},"W1":{"pos":{"x":-688.9039178355807,"y":18.447838259153514,"z":150},"rot":{"x":0,"y":0,"z":-1.5707963267948966},"clone":{"numclone":1,"cloned":false,"origclone":""},"type":"wall"},"W1_0":{"pos":{"x":100,"y":0,"z":150},"rot":{"x":0,"y":0,"z":-1.5707963267948966},"clone":{"numclone":0,"cloned":true,"origclone":"W1"},"type":"wall"},"W0_0":{"pos":{"x":-301.29220552314723,"y":-225.1763315409006,"z":150},"rot":{"x":0,"y":0,"z":-3.141592653589793},"clone":{"numclone":1,"cloned":true,"origclone":"W0"},"type":"wall"},"W0_0_0":{"pos":{"x":-201.29220552314723,"y":-225.1763315409006,"z":150},"rot":{"x":0,"y":0,"z":-3.141592653589793},"clone":{"numclone":0,"cloned":true,"origclone":"W0_0"},"type":"wall"}}