{"W0":{"pos":{"x":-99.0826703906372,"y":-254.8241291645511,"z":150},"rot":{"x":0,"y":0,"z":-6.283185307179586}},"W1":{"pos":{"x":-1238.5611980309138,"y":436.2334426794878,"z":150},"rot":{"x":0,"y":0,"z":-3.141592653589793}},"W1_clone":{"pos":{"x":-590.7180551893242,"y":220.45317166728705,"z":150},"rot":{"x":0,"y":0,"z":-3.141592653589793}},"W1_clone_clone":{"pos":{"x":-343.5888840459024,"y":214.03093296541033,"z":150},"rot":{"x":0,"y":0,"z":-3.141592653589793}},"W0_clone":{"pos":{"x":-25.682120371408573,"y":-179.64978960747123,"z":150},"rot":{"x":0,"y":0,"z":-4.71238898038469}},"W0_clone_clone":{"pos":{"x":-16.683528115165544,"y":-318.5821471742588,"z":150},"rot":{"x":0,"y":0,"z":-4.71238898038469}}}