{"W0":{"pos":{"x":-465.1784877148943,"y":282.49353594589275,"z":150},"rot":{"x":0,"y":0,"z":-4.71238898038469},"clone":{"numclone":0,"cloned":false,"origclone":""},"type":"wall"},"W1":{"pos":{"x":191.51554778549735,"y":283.60089349323755,"z":150},"rot":{"x":0,"y":0,"z":-3.141592653589793},"clone":{"numclone":0,"cloned":false,"origclone":""},"type":"wall"},"W0_0":{"pos":{"x":-670.7068542991948,"y":-30.058815829269747,"z":150},"rot":{"x":0,"y":0,"z":-4.71238898038469},"clone":{"numclone":0,"cloned":false,"origclone":""},"type":"wall"}}