{"W0":{"pos":{"x":75.95973941624698,"y":272.24828526845454,"z":150},"rot":{"x":0,"y":0,"z":-1.5707963267948966},"type":"wall"},"W1":{"pos":{"x":-15.576331385705771,"y":-514.002866323345,"z":150},"rot":{"x":0,"y":0,"z":-1.5707963267948966},"type":"wall"}}