{"W0":{"pos":{"x":681.8766519227514,"y":-658.1135750771468,"z":150},"rot":{"x":0,"y":0,"z":-6.283185307179586},"type":"wall"},"lz994wqxz9q":{"pos":{"x":280.06350167280107,"y":-885.8330780125632,"z":150},"rot":{"x":0,"y":0,"z":0},"clone_infos":{"cloned":false,"origclone":"","numclone":0},"type":"wall"},"2swo98ajr0c":{"pos":{"x":-983.9762381881113,"y":-429.67235813131583,"z":150},"rot":{"x":0,"y":0,"z":0},"clone_infos":{"cloned":false,"origclone":"","numclone":0},"type":"wall"},"n619gwfjpj":{"pos":{"x":-1134.1183108611428,"y":-872.5136990875162,"z":150},"rot":{"x":0,"y":0,"z":0},"clone_infos":{"cloned":false,"origclone":"","numclone":0},"type":"wall"},"igjfjbpjw2r":{"pos":{"x":-712.4194391820649,"y":-754.5253191250333,"z":150},"rot":{"x":0,"y":0,"z":0},"clone_infos":{"cloned":false,"origclone":"","numclone":0},"type":"wall"},"vp6vwu710pk":{"pos":{"x":-608.5132742373648,"y":-1152.6155813090418,"z":150},"rot":{"x":0,"y":0,"z":0},"clone_infos":{"cloned":false,"origclone":"","numclone":1},"type":"wall"},"8p76ory91kp":{"pos":{"x":257.66854321232114,"y":-539.4988466617804,"z":150},"rot":{"x":0,"y":0,"z":0},"clone_infos":{"cloned":false,"origclone":"","numclone":0},"type":"wall"},"yxdi4bm4h3k":{"pos":{"x":257.66854321232114,"y":-539.4988466617804,"z":150},"rot":{"x":0,"y":0,"z":0},"clone_infos":{"cloned":false,"origclone":"","numclone":0},"type":"wall"},"vp6vwu710pk_0":{"pos":{"x":-508.51327423736484,"y":-1152.6155813090418,"z":150},"rot":{"x":0,"y":0,"z":0},"clone_infos":{"numclone":0,"cloned":true,"origclone":"vp6vwu710pk"},"type":"wall"},"c42akcpc6un":{"pos":{"x":-1088.5193833532867,"y":-659.3198894153247,"z":25},"rot":{"x":0,"y":0,"z":0},"clone_infos":{"cloned":false,"origclone":"","numclone":0},"type":"pawn"},"b8iqg8oxegi":{"pos":{"x":-99.76647231629845,"y":-1295.0777058531664,"z":25},"rot":{"x":0,"y":0,"z":0},"clone_infos":{"cloned":false,"origclone":"","numclone":0},"type":"pawn"},"":{"pos":{"x":290.7649023437355,"y":-857.4473862282364,"z":160},"rot":{"x":0,"y":0,"z":0}},"ott3v3n7p9":{"pos":{"x":111.60979183896474,"y":-925.123639714807,"z":25},"rot":{"x":0,"y":0,"z":0},"clone_infos":{"cloned":false,"origclone":"","numclone":0},"type":"pawn"},"6iwkxhjfk9m":{"pos":{"x":469.92001284850625,"y":-789.7711327416657,"z":25},"rot":{"x":0,"y":0,"z":0},"clone_infos":{"cloned":false,"origclone":"","numclone":0},"type":"pawn"}}