{"W0":{"pos":{"x":-313.995999949507,"y":139.52046397529398,"z":150},"rot":{"x":0,"y":0,"z":0}},"W1":{"pos":{"x":-749.8827961990542,"y":133.0388098097892,"z":150},"rot":{"x":0,"y":0,"z":0}}}
