{"W0":{"pos":{"x":478.20982468179614,"y":-958.704299505154,"z":150},"rot":{"x":0,"y":0,"z":0}}, "W1":{"pos":{"x":0,"y":0,"z":150},"rot":{"x":0,"y":0,"z":0}}}
