{"W0":{"x":478.20982468179614,"y":-958.704299505154,"z":150}, "W1":{"x":0,"y":0,"z":150}}
